,length_fast,length_slow,return,dd,sharpe
0,1,25,2.406303572194872,4.7855870259855315,0.26727639224224725
1,1,30,2.109960189026721,4.0078875056964245,0.22905585325182334
2,6,25,2.470262241499568,3.5072065008689015,0.3085373604716443
3,6,30,2.565023322982778,4.118403461030806,0.31771481147806374
